[
	{
		"item": "Soup",
		"price": 0.65,
		"discount": 0,
		"activeOffer": true,
		"offerQuantity": 2,
		"offerDiscountedProduct": "Bread",
		"offerDiscount": 50
	},
	{
		"item": "Bread",
		"price": 0.80,
		"discount": 0,
		"activeOffer": false,
		"offerQuantity": 0,
		"offerDiscountedProduct": "",
		"offerDiscount": 0
	},
	{
		"item": "Milk",
		"price": 1.30,
		"discount": 0,
		"activeOffer": false,
		"offerQuantity": 0,
		"offerDiscountedProduct": "",
		"offerDiscount": 0
	},
	{
		"item": "Apples",
		"price": 1,
		"discount": 10,
		"activeOffer": false,
		"offerQuantity": 0,
		"offerDiscountedProduct": "",
		"offerDiscount": 0
	}
]